{
    "mia_loss": 0.20290625,
    "mia_min_k": 0.26576875,
    "mia_min_k_plus_plus": 0.28341249999999996,
    "mia_zlib": 0.22055,
    "privleak": 7.944923526703272
}