{
    "extraction_strength": 0.040608384764716114,
    "forget_Q_A_Prob": 0.166607666015625,
    "forget_Q_A_ROUGE": 0.4434404333626061,
    "forget_prob_ks": 0.16497269950224194,
    "forget_quality": 0.9900193288833089,
    "forget_truth_ratio": 0.7810670410746716,
    "model_utility": 0.31992333595307515,
    "privleak": 4.994054695839418
}