{
    "mia_loss": 0.31494375,
    "mia_min_k": 0.32415937499999997,
    "mia_min_k_plus_plus": 0.38769375,
    "mia_zlib": 0.27166250000000003,
    "privleak": -0.6395266032019404
}