{
    "mia_loss": 0.343465625,
    "mia_min_k": 0.33628437499999997,
    "mia_min_k_plus_plus": 0.3931875,
    "mia_zlib": 0.26420625,
    "privleak": -2.4221151236211025
}