{
    "extraction_strength": 0.040608384764716114,
    "forget_Q_A_Prob": 0.1757598876953125,
    "forget_Q_A_ROUGE": 0.4451345966568752,
    "forget_prob_ks": 0.5786001416508443,
    "forget_quality": 0.99992460868065,
    "forget_truth_ratio": 0.7735891338370051,
    "model_utility": 0.32916546218508214,
    "privleak": 4.042806182346195
}