{
    "mia_loss": 0.31915312500000004,
    "mia_min_k": 0.319809375,
    "mia_min_k_plus_plus": 0.4199062499999999,
    "mia_zlib": 0.26802187499999997,
    "privleak": 0.0
}