{
    "extraction_strength": 0.03250892997513522,
    "forget_Q_A_Prob": 0.0005911898612976074,
    "forget_Q_A_ROUGE": 0.0,
    "forget_truth_ratio": 0.7337401636937092,
    "model_utility": 0.0,
    "privleak": -11.569374997686117
}