{
    "extraction_strength": 0.05846075668401129,
    "forget_Q_A_Prob": 0.12984710693359375,
    "forget_Q_A_ROUGE": 0.2813450830389146,
    "forget_quality": 0.06521994354498474,
    "forget_truth_ratio": 0.7457294657743262,
    "model_utility": 0.3241842585833919,
    "privleak": -0.16401652107981463
}