Method,extraction_strength,forget_Q_A_Prob,forget_Q_A_ROUGE,forget_prob_ks,forget_quality,forget_truth_ratio,mia_mia_loss,mia_mia_min_k,mia_mia_min_k_plus_plus,mia_mia_zlib,mia_privleak,model_utility,peak_gpu_mb,privleak,time_seconds
Original,0.05846075668401129,0.12984710693359375,0.2813450830389146,,0.06521994354498474,0.7457294657743262,0.32058437500000003,0.320925,0.42179374999999997,0.26739999999999997,-0.16401652107981463,0.3241842585833919,18399.55419921875,-0.16401652107981463,723.4041469097137
Retrain,0.05861729724883508,0.1261370849609375,0.2718721222553976,,,0.7457352799820438,0.31915312500000004,0.319809375,0.4199062499999999,0.26802187499999997,0.0,0.31999517306139313,18399.5546875,0.0,39.47896599769592
LMCleaner,0.06697446888433815,0.2106317138671875,0.391057168658412,5.634505575670127e-29,0.9843558982396782,0.7392165517201389,0.340078125,0.3320625,0.39403750000000004,0.26356250000000003,-1.801425151691638,0.43108344403099064,,-1.4830401401837885,
GradDiff,0.04136392358900773,0.0025031795410905035,0.3197273984556752,,5.668696454900228e-34,0.5227704342574943,0.05197187499999998,0.04566874999999998,0.11899375,0.03748125,40.30349947262159,0.27591575528738804,33126.93408203125,40.30349947262159,147.90788197517395
NPO,0.04854718536637382,0.023448724746704102,0.2013139126687866,,1.6196210141854015e-10,0.702920758601457,0.015840624999999997,0.012484374999999992,0.016262499999999982,0.06971562499999999,45.182186972191474,0.25041677304263055,39250.85546875,45.182186972191474,339.81529688835144
PDU,0.06249522190250932,0.1656573486328125,0.37681356097251056,,0.01260422744087484,0.7497521224161424,0.2523625,0.2864625,0.6140874999999999,0.19165625,4.902577861183739,0.4386450221670564,32461.55029296875,4.902577861183739,149.3547079563141
UNDIAL,0.042856194312037715,0.0727337646484375,0.2889963922756553,,0.019594795142993927,0.7521353109132909,0.20290625,0.26576875,0.28341249999999996,0.22055,7.944923526703272,0.3106453388223636,39912.3203125,7.944923526703272,164.18036890029907
