{
    "mia_loss": 0.32058437500000003,
    "mia_min_k": 0.320925,
    "mia_min_k_plus_plus": 0.42179374999999997,
    "mia_zlib": 0.26739999999999997,
    "privleak": 53.583670803280256
}