{
    "mia_loss": 0.316178125,
    "mia_min_k": 0.3259375,
    "mia_min_k_plus_plus": 0.39374374999999995,
    "mia_zlib": 0.272109375,
    "privleak": -0.9009422908613445
}