{
    "mia_loss": 0.34359375000000003,
    "mia_min_k": 0.33575,
    "mia_min_k_plus_plus": 0.3871562500000001,
    "mia_zlib": 0.264521875,
    "privleak": -2.3435525883139725
}