{
    "mia_loss": 0.30860937499999996,
    "mia_min_k": 0.31849062499999997,
    "mia_min_k_plus_plus": 0.41150000000000003,
    "mia_zlib": 0.26848125,
    "privleak": 0.1938794730971418
}