{
    "mia_loss": 0.3227125,
    "mia_min_k": 0.333259375,
    "mia_min_k_plus_plus": 0.40974374999999996,
    "mia_zlib": 0.27790312500000003,
    "privleak": 50.794054650005215
}