{
    "extraction_strength": 0.050912534344425255,
    "forget_Q_A_Prob": 0.07697845458984375,
    "forget_Q_A_ROUGE": 0.31779726810884723,
    "forget_prob_ks": 1.3092627063797803e-28,
    "forget_quality": 0.18096072488295206,
    "forget_truth_ratio": 0.7501259119378644,
    "model_utility": 0.27513945134100753,
    "privleak": 0.1938794730971418
}