{
    "extraction_strength": 0.0641737793422547,
    "forget_Q_A_Prob": 0.20384033203125,
    "forget_Q_A_ROUGE": 0.38104768695771085,
    "forget_prob_ks": 4.059470396507229e-26,
    "forget_quality": 0.8635251702254226,
    "forget_truth_ratio": 0.7353456853087325,
    "model_utility": 0.43115644832038025,
    "privleak": -2.4221151236211025
}