{
    "extraction_strength": 0.050526736182388295,
    "forget_Q_A_Prob": 0.08275726318359375,
    "forget_Q_A_ROUGE": 0.25333679639746515,
    "forget_quality": 0.0029708770428139948,
    "forget_truth_ratio": 0.7503227239696695,
    "model_utility": 0.264303476568395,
    "privleak": 53.02249643649526
}