{
    "mia_loss": 0.340078125,
    "mia_min_k": 0.3320625,
    "mia_min_k_plus_plus": 0.39403750000000004,
    "mia_zlib": 0.26356250000000003,
    "privleak": -1.801425151691638
}