{
    "extraction_strength": 0.06595465008942972,
    "forget_Q_A_Prob": 0.27486572265625,
    "forget_Q_A_ROUGE": 0.4311213333467595,
    "forget_truth_ratio": 0.7461140160926256,
    "model_utility": 0.3859944617838017,
    "privleak": -11.249999997750004
}