{
    "extraction_strength": 0.06425168347399395,
    "forget_Q_A_Prob": 0.2051068115234375,
    "forget_Q_A_ROUGE": 0.3798288251766981,
    "forget_prob_ks": 8.116767699925149e-27,
    "forget_quality": 0.9416341827445021,
    "forget_truth_ratio": 0.736628828309573,
    "model_utility": 0.42849129594825336,
    "privleak": -2.1556457056202993
}