{
  "num_affected_batches": 15,
  "total_steps": 16,
  "affected_ratio": 0.9375,
  "effective_batch_size": 256,
  "forget_per_batch_mean": 2.6666666666666665,
  "forget_per_batch_median": 2.0,
  "forget_per_batch_max": 7,
  "forget_per_batch_min": 1,
  "forget_per_batch_std": 2.086996778999804,
  "forget_per_batch_p90": 6.0,
  "forget_per_batch_p95": 6.299999999999999,
  "collateral_ratio_mean": 0.9892708333333334,
  "collateral_ratio_median": 0.9921875,
  "collateral_ratio_min": 0.97265625,
  "dispersion_gini": 0.4033333333333333,
  "dispersion_hhi": 0.10750000000000001,
  "dispersion_entropy": 3.505152233310934,
  "earliest_affected_step": 2,
  "latest_affected_step": 16,
  "step_span": 14,
  "affected_step_q25": 5.5,
  "affected_step_q50": 9.0,
  "affected_step_q75": 12.5,
  "forget_count_histogram": {
    "1": 7,
    "2": 3,
    "4": 2,
    "6": 2,
    "7": 1
  },
  "affected_steps_detail": {
    "2": 1,
    "3": 1,
    "4": 1,
    "5": 1,
    "6": 1,
    "7": 1,
    "8": 4,
    "9": 2,
    "10": 7,
    "11": 1,
    "12": 6,
    "13": 4,
    "14": 6,
    "15": 2,
    "16": 2
  }
}