{
  "num_affected_batches": 29,
  "total_steps": 63,
  "affected_ratio": 0.4603174603174603,
  "effective_batch_size": 64,
  "forget_per_batch_mean": 1.3793103448275863,
  "forget_per_batch_median": 1.0,
  "forget_per_batch_max": 3,
  "forget_per_batch_min": 1,
  "forget_per_batch_std": 0.6650793628271005,
  "forget_per_batch_p90": 2.1999999999999993,
  "forget_per_batch_p95": 3.0,
  "collateral_ratio_mean": 0.978448275862069,
  "collateral_ratio_median": 0.984375,
  "collateral_ratio_min": 0.953125,
  "dispersion_gini": 0.21206896551724141,
  "dispersion_hhi": 0.04250000000000002,
  "dispersion_entropy": 4.715311532225101,
  "earliest_affected_step": 6,
  "latest_affected_step": 62,
  "step_span": 56,
  "affected_step_q25": 30.0,
  "affected_step_q50": 39.0,
  "affected_step_q75": 50.0,
  "forget_count_histogram": {
    "1": 21,
    "2": 5,
    "3": 3
  },
  "affected_steps_detail": {
    "6": 1,
    "11": 1,
    "14": 1,
    "17": 1,
    "21": 1,
    "27": 1,
    "29": 1,
    "30": 1,
    "31": 1,
    "32": 1,
    "35": 1,
    "36": 1,
    "37": 2,
    "38": 1,
    "39": 1,
    "40": 3,
    "44": 1,
    "45": 3,
    "46": 1,
    "48": 2,
    "49": 1,
    "50": 1,
    "51": 2,
    "54": 1,
    "55": 2,
    "56": 3,
    "58": 2,
    "61": 1,
    "62": 1
  }
}