{
    "mia_loss": 0.31604062499999996,
    "mia_min_k": 0.32340625,
    "mia_min_k_plus_plus": 0.40256875000000003,
    "mia_zlib": 0.270234375,
    "privleak": -0.528803965722293
}