{
    "mia_loss": 0.5690125,
    "mia_min_k": 0.557846875,
    "mia_min_k_plus_plus": 0.55823125,
    "mia_zlib": 0.38955625,
    "privleak": 0.0
}