{
    "mia_loss": 0.015840624999999997,
    "mia_min_k": 0.012484374999999992,
    "mia_min_k_plus_plus": 0.016262499999999982,
    "mia_zlib": 0.06971562499999999,
    "privleak": 123.34245062197795
}