{
    "extraction_strength": 0.06697446888433815,
    "forget_Q_A_Prob": 0.2106317138671875,
    "forget_Q_A_ROUGE": 0.391057168658412,
    "forget_prob_ks": 5.634505575670127e-29,
    "forget_quality": 0.9843558982396782,
    "forget_truth_ratio": 0.7392165517201389,
    "model_utility": 0.43108344403099064,
    "privleak": -1.4830401401837885
}