{
    "mia_loss": 0.343315625,
    "mia_min_k": 0.334471875,
    "mia_min_k_plus_plus": 0.38621249999999996,
    "mia_zlib": 0.264453125,
    "privleak": -2.1556457056202993
}