{
    "extraction_strength": 0.040608384764716114,
    "forget_Q_A_Prob": 0.1668212890625,
    "forget_Q_A_ROUGE": 0.43577992512909275,
    "forget_prob_ks": 0.16497269950224194,
    "forget_quality": 0.9900193288833089,
    "forget_truth_ratio": 0.7826781049351392,
    "model_utility": 0.3199665503742877,
    "privleak": 5.350772888399369
}