{
    "mia_loss": 0.30481249999999993,
    "mia_min_k": 0.32132812499999996,
    "mia_min_k_plus_plus": 0.46105000000000007,
    "mia_zlib": 0.287159375,
    "privleak": -0.22328299508343413
}