{
    "mia_loss": 0.2523625,
    "mia_min_k": 0.2864625,
    "mia_min_k_plus_plus": 0.6140874999999999,
    "mia_zlib": 0.19165625,
    "privleak": 61.37791629056607
}