{
    "mia_loss": 0.05197187499999998,
    "mia_min_k": 0.04566874999999998,
    "mia_min_k_plus_plus": 0.11899375,
    "mia_zlib": 0.03748125,
    "privleak": 40.30349947262159
}