{
    "mia_loss": 0.343096875,
    "mia_min_k": 0.334840625,
    "mia_min_k_plus_plus": 0.3951,
    "mia_zlib": 0.26560937500000004,
    "privleak": -2.2098584492825366
}