{
    "extraction_strength": 0.06510749927389858,
    "forget_Q_A_Prob": 0.208780517578125,
    "forget_Q_A_ROUGE": 0.3901267621434943,
    "forget_prob_ks": 1.3092627063797803e-28,
    "forget_quality": 0.9067578225553679,
    "forget_truth_ratio": 0.7377130180211,
    "model_utility": 0.4242685550746912,
    "privleak": -2.2098584492825366
}